,Date,Open_Bitcoin,High_Bitcoin,Low_Bitcoin,Close_Bitcoin,Adj Close_Bitcoin,Volume_Bitcoin,Open_Ethereum,High_Ethereum,Low_Ethereum,Close_Ethereum,Adj Close_Ethereum,Volume_Ethereum
0,2020-01-31,9508.3134765625,9521.7060546875,9230.7763671875,9350.529296875,9350.529296875,29432489719,184.7369079589844,185.4058380126953,176.29681396484375,180.16017150878903,180.16017150878903,11728616394
1,2020-02-01,9346.357421875,9439.3232421875,9313.2392578125,9392.875,9392.875,25922656496,180.11376953125,183.84555053710938,179.74517822265625,183.6739501953125,183.6739501953125,11569697182
2,2020-02-02,9389.8203125,9468.7978515625,9217.82421875,9344.365234375,9344.365234375,30835736946,183.53250122070312,193.0803985595703,180.1739501953125,188.61753845214844,188.61753845214844,14054425389
3,2020-02-03,9344.68359375,9540.3720703125,9248.6337890625,9293.521484375,9293.521484375,30934096509,188.6074066162109,193.4368896484375,188.0126953125,189.8650665283203,189.8650665283203,12392875241
4,2020-02-04,9292.841796875,9331.265625,9112.8115234375,9180.962890625,9180.962890625,29893183716,189.8617248535156,191.1114959716797,185.40362548828125,189.25059509277344,189.25059509277344,11714191695
5,2020-02-05,9183.416015625,9701.2998046875,9163.7041015625,9613.423828125,9613.423828125,35222060874,189.29910278320312,206.8040008544922,188.752685546875,204.2302398681641,204.2302398681641,14865434435
6,2020-02-06,9617.8212890625,9824.619140625,9539.818359375,9729.8017578125,9729.8017578125,37628823716,204.12969970703125,214.59771728515625,201.9040679931641,212.33908081054688,212.33908081054688,16425589683
7,2020-02-07,9726.0029296875,9834.716796875,9726.0029296875,9795.943359375,9795.943359375,34522718159,212.31588745117188,223.14093017578125,212.30419921875,222.7260589599609,222.7260589599609,16673443564
8,2020-02-08,9793.0703125,9876.7490234375,9678.91015625,9865.119140625,9865.119140625,35172043762,222.51097106933597,226.5880889892578,215.38629150390625,223.1465148925781,223.1465148925781,16741203125
9,2020-02-09,9863.89453125,10129.435546875,9850.392578125,10116.673828125,10116.673828125,35807884663,222.98223876953125,229.8642425537109,222.98223876953125,228.5785675048828,228.5785675048828,15031356241
10,2020-02-10,10115.5595703125,10165.765625,9784.5634765625,9856.611328125,9856.611328125,39386548075,228.54913330078125,229.1846160888672,218.08004760742188,223.522705078125,223.522705078125,16210008511
11,2020-02-11,9855.8916015625,10210.052734375,9729.3349609375,10208.236328125,10208.236328125,37648059389,223.3849334716797,236.5471343994141,218.61761474609372,235.8511962890625,235.8511962890625,16964695963
12,2020-02-12,10202.3876953125,10393.611328125,10202.3876953125,10326.0546875,10326.0546875,43444303830,235.89822387695312,272.39883422851557,235.89627075195312,265.4061279296875,265.4061279296875,24545049386
13,2020-02-13,10323.9609375,10457.626953125,10116.1611328125,10214.3798828125,10214.3798828125,49356071373,265.05270385742193,273.74105834960943,258.92251586914057,268.0992431640625,268.0992431640625,25801317504
14,2020-02-14,10211.55078125,10321.99609375,10125.5341796875,10312.1162109375,10312.1162109375,43338264162,268.02328491210943,285.0564270019531,262.76251220703125,284.2174987792969,284.2174987792969,23558253463
15,2020-02-15,10313.8564453125,10341.5556640625,9874.427734375,9889.4248046875,9889.4248046875,43865054831,284.5613098144531,287.1236877441406,264.2796630859375,264.72857666015625,264.72857666015625,23682452994
16,2020-02-16,9889.1796875,10053.96875,9722.38671875,9934.43359375,9934.43359375,43374780305,264.904052734375,272.8824462890625,242.4844055175781,259.89471435546875,259.89471435546875,25152366643
17,2020-02-17,9936.560546875,9938.8154296875,9507.6376953125,9690.142578125,9690.142578125,45998298413,259.8905639648437,266.87124633789057,244.3353271484375,266.36343383789057,266.36343383789057,26024080089
18,2020-02-18,9691.23046875,10161.935546875,9632.3828125,10141.99609375,10141.99609375,47271023953,266.50881958007807,283.1961364746094,261.46389770507807,281.944580078125,281.944580078125,26511477187
19,2020-02-19,10143.798828125,10191.67578125,9611.2236328125,9633.38671875,9633.38671875,46992019710,282.0362854003906,283.5379333496094,259.76397705078125,259.76397705078125,259.76397705078125,22679414413
20,2020-02-20,9629.3251953125,9643.216796875,9507.900390625,9608.4755859375,9608.4755859375,44925260237,259.81985473632807,263.69540405273443,250.9512634277344,257.949462890625,257.949462890625,23229828870
21,2020-02-21,9611.7822265625,9723.0146484375,9589.7431640625,9686.44140625,9686.44140625,40930547513,257.89111328125,267.00485229492193,255.6890869140625,265.60061645507807,265.60061645507807,20867593292
22,2020-02-22,9687.70703125,9698.2314453125,9600.728515625,9663.181640625,9663.181640625,35838025154,265.55157470703125,266.38720703125,258.91314697265625,262.33172607421875,262.33172607421875,16906032862
23,2020-02-23,9663.318359375,9937.404296875,9657.791015625,9924.515625,9924.515625,41185185761,262.27841186523443,273.754150390625,261.96051025390625,273.754150390625,273.754150390625,19585998814
24,2020-02-24,9921.5830078125,9951.74609375,9537.04296875,9650.1748046875,9650.1748046875,45080496648,273.705078125,275.53952026367193,259.62515258789057,265.2164306640625,265.2164306640625,22400845640
25,2020-02-25,9651.3125,9652.7373046875,9305.021484375,9341.705078125,9341.705078125,42515259129,265.28338623046875,265.43148803710943,246.85899353027344,247.81759643554688,247.81759643554688,21878882134
26,2020-02-26,9338.2900390625,9354.7783203125,8704.4267578125,8820.5224609375,8820.5224609375,50420050762,247.74020385742188,249.6497039794922,221.2665557861328,225.6802673339844,225.6802673339844,26235617201
27,2020-02-27,8825.09375,8932.892578125,8577.19921875,8784.494140625,8784.494140625,45470195695,225.6870422363281,237.2289276123047,212.66452026367188,226.75338745117188,226.75338745117188,25645522790
28,2020-02-28,8788.728515625,8890.4560546875,8492.9326171875,8672.455078125,8672.455078125,44605450443,226.98760986328125,234.2089385986328,216.34620666503903,226.760498046875,226.760498046875,22563530559
29,2020-02-29,8671.212890625,8775.6318359375,8599.5087890625,8599.5087890625,8599.5087890625,35792392544,226.8334503173828,232.25662231445312,219.8485107421875,219.8485107421875,219.8485107421875,18181296376
30,2020-03-01,8599.7587890625,8726.796875,8471.212890625,8562.4541015625,8562.4541015625,35349164300,219.752685546875,226.67788696289062,214.13043212890625,218.97059631347656,218.97059631347656,18179807469
31,2020-03-02,8563.2646484375,8921.30859375,8532.630859375,8869.669921875,8869.669921875,42857674409,218.7116241455078,232.81158447265625,217.28428649902344,230.5697784423828,230.5697784423828,20305587789
32,2020-03-03,8865.3876953125,8901.5986328125,8704.990234375,8787.7861328125,8787.7861328125,42386715821,230.5239715576172,232.3258056640625,221.732666015625,224.4796295166016,224.4796295166016,19853178572
33,2020-03-04,8788.5419921875,8843.3662109375,8712.431640625,8755.24609375,8755.24609375,34746706368,224.5653381347656,228.04042053222656,222.08888244628903,224.5179748535156,224.5179748535156,16567075208
34,2020-03-05,8760.28515625,9142.0546875,8757.25390625,9078.7626953125,9078.7626953125,39698054597,224.6418914794922,234.3644561767578,224.6418914794922,229.2681884765625,229.2681884765625,18201291785
35,2020-03-06,9078.30859375,9167.6953125,9032.0791015625,9122.5458984375,9122.5458984375,40826885651,229.16842651367188,243.5549774169922,228.7435760498047,243.5252990722656,243.5252990722656,19374772256
36,2020-03-07,9121.6005859375,9163.220703125,8890.744140625,8909.9541015625,8909.9541015625,36216930370,243.7501983642578,249.97848510742188,237.55128479003903,237.85308837890625,237.85308837890625,19431652027
37,2020-03-08,8908.2060546875,8914.34375,8105.2529296875,8108.1162109375,8108.1162109375,39973102121,237.7806854248047,237.7806854248047,200.6029815673828,200.6890563964844,200.6890563964844,21381823651
38,2020-03-09,8111.146484375,8177.79345703125,7690.09814453125,7923.64453125,7923.64453125,46936995808,201.3184967041016,207.45140075683597,192.2698974609375,201.986328125,201.986328125,23645428606
39,2020-03-10,7922.14697265625,8136.9453125,7814.76318359375,7909.7294921875,7909.7294921875,42213940994,202.86395263671875,205.71424865722656,198.0644989013672,200.76724243164062,200.76724243164062,18344930072
40,2020-03-11,7910.08984375,7950.814453125,7642.8125,7911.43017578125,7911.43017578125,38682762605,200.76803588867188,202.9542999267578,184.36215209960938,194.8685302734375,194.8685302734375,16984790291
41,2020-03-12,7913.6162109375,7929.1162109375,4860.35400390625,4970.7880859375,4970.7880859375,53980357243,194.73892211914062,195.1479339599609,111.21070861816406,112.3471221923828,112.3471221923828,22134741655
42,2020-03-13,5017.8310546875,5838.11474609375,4106.98095703125,5563.70703125,5563.70703125,74156772075,112.68999481201172,137.42953491210938,95.1843032836914,133.20181274414062,133.20181274414062,27864623061
43,2020-03-14,5573.07763671875,5625.2265625,5125.0693359375,5200.3662109375,5200.3662109375,36154506008,133.58247375488278,134.484375,122.41447448730469,123.30602264404295,123.30602264404295,12740784545
44,2020-03-15,5201.06689453125,5836.64501953125,5169.283203125,5392.31494140625,5392.31494140625,33997889639,123.24606323242188,132.24214172363278,121.85365295410156,125.21430206298828,125.21430206298828,12719251813
45,2020-03-16,5385.2294921875,5385.2294921875,4575.35791015625,5014.47998046875,5014.47998046875,45368026430,124.9961166381836,124.9961166381836,105.17144012451172,110.60587310791016,110.60587310791016,15984904590
46,2020-03-17,5002.578125,5371.3486328125,4981.9091796875,5225.62939453125,5225.62939453125,38622642935,110.4067840576172,118.98828125,110.4067840576172,113.9427490234375,113.9427490234375,12087490572
47,2020-03-18,5227.11376953125,5331.833984375,5069.3359375,5238.4384765625,5238.4384765625,37878801016,113.8576431274414,116.02162170410156,111.74311065673828,114.84226989746094,114.84226989746094,11617854009
48,2020-03-19,5245.41650390625,6329.73583984375,5236.96875,6191.19287109375,6191.19287109375,51000731797,114.83982849121094,140.52772521972656,114.7328643798828,136.59385681152344,136.59385681152344,16396753275
49,2020-03-20,6191.65380859375,6844.26171875,5865.78173828125,6198.7783203125,6198.7783203125,54442976103,136.64927673339844,150.8538055419922,122.60565948486328,132.73716735839844,132.73716735839844,18960388062
50,2020-03-21,6206.521484375,6378.13525390625,5932.8232421875,6185.06640625,6185.06640625,42494390880,133.10176086425778,135.972412109375,127.16375732421876,132.81871032714844,132.81871032714844,13684083308
51,2020-03-22,6185.55810546875,6359.697265625,5823.7138671875,5830.2548828125,5830.2548828125,40099664740,132.85113525390622,136.15164184570312,122.90933227539062,123.32115173339844,123.32115173339844,12497707224
52,2020-03-23,5831.37451171875,6443.9345703125,5785.00439453125,6416.31494140625,6416.31494140625,46491916000,123.36598205566406,134.91160583496094,121.86788177490234,134.91160583496094,134.91160583496094,14149877968
53,2020-03-24,6436.642578125,6789.02294921875,6411.06640625,6734.8037109375,6734.8037109375,48221910672,135.19413757324222,141.9485321044922,133.16877746582028,138.76144409179688,138.76144409179688,14609068673
54,2020-03-25,6738.716796875,6892.51123046875,6536.92626953125,6681.06298828125,6681.06298828125,44590107888,138.91496276855472,141.40379333496094,134.30422973632812,136.19589233398438,136.19589233398438,13433092920
55,2020-03-26,6675.1708984375,6735.4638671875,6590.962890625,6716.4404296875,6716.4404296875,35319797642,136.190673828125,138.83056640625,134.88603210449222,138.36155700683594,138.36155700683594,11367261176
56,2020-03-27,6719.38916015625,6793.83642578125,6466.70166015625,6469.79833984375,6469.79833984375,34585598367,138.36993408203122,139.90269470214844,133.93794250488278,133.93794250488278,133.93794250488278,11396286629
57,2020-03-28,6467.25390625,6467.5009765625,6117.837890625,6242.19384765625,6242.19384765625,34885225901,134.03274536132812,134.03274536132812,126.96218872070312,130.98649597167972,130.98649597167972,12162403960
58,2020-03-29,6245.62451171875,6250.46728515625,5920.0859375,5922.04296875,5922.04296875,28373690931,131.01533508300778,131.17408752441406,125.4500503540039,125.58373260498048,125.58373260498048,9938133669
59,2020-03-30,5925.53857421875,6517.19580078125,5903.234375,6429.841796875,6429.841796875,37101651525,125.57789611816406,133.91146850585938,125.28968048095705,132.904541015625,132.904541015625,11841123306
60,2020-03-31,6430.6064453125,6504.51513671875,6374.162109375,6438.64453125,6438.64453125,32786468812,132.8209228515625,134.27413940429688,131.65289306640622,133.59356689453122,133.59356689453122,11065246317
61,2020-04-01,6437.3193359375,6612.57373046875,6202.37353515625,6606.7763671875,6606.7763671875,40346426266,133.61231994628906,135.63455200195312,129.73094177246094,135.63455200195312,135.63455200195312,12456564435
62,2020-04-02,6606.7763671875,7088.24755859375,6595.91845703125,6793.62451171875,6793.62451171875,47660646124,135.732177734375,146.78709411621094,135.732177734375,142.02914428710938,142.02914428710938,15322861686
63,2020-04-03,6797.396484375,7003.220703125,6673.3359375,6733.38720703125,6733.38720703125,38976504903,142.11045837402344,146.89987182617188,139.619384765625,142.09130859375,142.09130859375,13184603402
64,2020-04-04,6738.3828125,6878.95361328125,6696.48486328125,6867.52734375,6867.52734375,33185988584,142.21517944335938,145.37730407714844,140.121826171875,145.21939086914062,145.21939086914062,11946658257
65,2020-04-05,6862.53759765625,6883.4140625,6715.92919921875,6791.12939453125,6791.12939453125,29510409856,145.26101684570312,146.12852478027344,142.10208129882812,143.54664611816406,143.54664611816406,11280993591
66,2020-04-06,6788.0498046875,7271.78125,6782.8896484375,7271.78125,7271.78125,46896904615,143.60821533203125,169.27264404296875,143.5446014404297,169.13587951660156,169.13587951660156,21636382525
67,2020-04-07,7273.64404296875,7427.939453125,7136.71435546875,7176.41455078125,7176.41455078125,44243482668,169.14744567871094,175.20413208007812,164.2033233642578,165.10194396972656,165.10194396972656,21659346091
68,2020-04-08,7179.283203125,7356.2236328125,7153.3056640625,7334.0986328125,7334.0986328125,37563249549,165.24032592773438,173.21026611328125,164.49319458007812,172.64173889160156,172.64173889160156,17063110836
69,2020-04-09,7337.96630859375,7341.4482421875,7179.09423828125,7302.08935546875,7302.08935546875,34815139178,172.76126098632812,172.8977813720703,167.98712158203125,170.80714416503906,170.80714416503906,14901696210
70,2020-04-10,7303.8154296875,7303.8154296875,6802.47509765625,6865.4931640625,6865.4931640625,43622840992,170.8292694091797,170.94976806640625,154.9144744873047,158.41244506835938,158.41244506835938,17980944616
71,2020-04-11,6867.4404296875,6926.06982421875,6789.9208984375,6859.0830078125,6859.0830078125,31222085946,158.5389862060547,161.16757202148438,155.29833984375,158.2160186767578,158.2160186767578,13555089447
72,2020-04-12,6858.06787109375,7119.947265625,6811.078125,6971.091796875,6971.091796875,35759567632,158.23239135742188,164.51695251464844,156.3205108642578,161.14242553710938,161.14242553710938,15123721386
73,2020-04-13,6965.61669921875,6965.61669921875,6668.259765625,6845.03759765625,6845.03759765625,38619308647,160.72067260742188,160.74969482421875,151.61448669433594,156.27955627441406,156.27955627441406,16465282133
74,2020-04-14,6843.28173828125,6958.55712890625,6793.8212890625,6842.427734375,6842.427734375,34110434052,156.35595703125,160.94427490234375,155.86593627929688,157.5963897705078,157.5963897705078,14723156630
75,2020-04-15,6845.5615234375,6928.66455078125,6633.40283203125,6642.10986328125,6642.10986328125,32288311031,157.56564331054688,160.71112060546875,152.80284118652344,153.28689575195312,153.28689575195312,14171753737
76,2020-04-16,6640.4541015625,7134.45068359375,6555.50439453125,7116.80419921875,7116.80419921875,46783242377,153.20042419433594,173.1572723388672,150.3594207763672,172.15737915039062,172.15737915039062,22910469236
77,2020-04-17,7116.552734375,7167.18310546875,7050.33203125,7096.1845703125,7096.1845703125,32513423567,172.2794189453125,174.27590942382812,169.75157165527344,171.63858032226562,171.63858032226562,16714684266
78,2020-04-18,7092.29150390625,7269.95654296875,7089.2470703125,7257.6650390625,7257.6650390625,32447188386,171.61807250976562,187.9404754638672,171.61807250976562,186.91400146484372,186.91400146484372,20160323443
79,2020-04-19,7260.92236328125,7280.52197265625,7167.0546875,7189.4248046875,7189.4248046875,31311210215,186.8619842529297,188.0989227294922,180.12081909179688,181.61495971679688,181.61495971679688,19146038381
80,2020-04-20,7186.87353515625,7240.29052734375,6835.5029296875,6881.95849609375,6881.95849609375,37747113936,181.480224609375,186.0835418701172,170.32127380371094,172.2971649169922,172.2971649169922,21266681335
81,2020-04-21,6879.7841796875,6934.5517578125,6834.4423828125,6880.3232421875,6880.3232421875,32589741511,172.01771545410156,175.178466796875,170.55284118652344,172.73770141601562,172.73770141601562,16458767984
82,2020-04-22,6879.4404296875,7145.86572265625,6867.78173828125,7117.20751953125,7117.20751953125,33249153866,172.67039489746094,183.7510070800781,171.82659912109375,182.59957885742188,182.59957885742188,17994666395
83,2020-04-23,7121.30615234375,7491.78515625,7081.5947265625,7429.724609375,7429.724609375,43500782316,182.62017822265625,189.0888671875,180.3406524658203,185.02867126464844,185.02867126464844,21275740032
84,2020-04-24,7434.181640625,7574.19580078125,7434.181640625,7550.90087890625,7550.90087890625,34636526286,185.22210693359372,190.21038818359372,185.22210693359372,189.2369384765625,189.2369384765625,16788555028
85,2020-04-25,7550.48291015625,7641.36376953125,7521.67236328125,7569.93603515625,7569.93603515625,32941541447,189.2073974609375,196.79237365722656,188.45953369140625,195.5153045654297,195.5153045654297,18260969748
86,2020-04-26,7570.13916015625,7700.59423828125,7561.40771484375,7679.8671875,7679.8671875,33070154491,195.41358947753903,199.344970703125,194.76806640625,197.31753540039062,197.31753540039062,18335367012
87,2020-04-27,7679.4189453125,7795.60107421875,7679.4189453125,7795.60107421875,7795.60107421875,36162144725,197.4757232666016,199.55279541015625,193.45416259765625,197.22471618652344,197.22471618652344,18670194595
88,2020-04-28,7796.97021484375,7814.52734375,7730.806640625,7807.05859375,7807.05859375,33187959921,197.2735137939453,198.7865447998047,194.84942626953125,198.41539001464844,198.41539001464844,18217507467
89,2020-04-29,7806.71240234375,8871.75390625,7786.04931640625,8801.0380859375,8801.0380859375,60201052203,198.46519470214844,218.4546356201172,198.12451171875,216.96823120117188,216.96823120117188,26397548759
90,2020-04-30,8797.669921875,9440.650390625,8533.255859375,8658.5537109375,8658.5537109375,66964629541,216.9091339111328,227.5296936035156,206.4369201660156,207.60205078125,207.60205078125,28089191904
91,2020-05-01,8672.7822265625,9048.0234375,8667.763671875,8864.7666015625,8864.7666015625,44068389997,207.9017333984375,217.6280212402344,207.7808837890625,214.21910095214844,214.21910095214844,20816320834
92,2020-05-02,8869.0576171875,9007.1875,8811.3662109375,8988.5966796875,8988.5966796875,40134388683,214.23008728027344,215.8475341796875,212.8786773681641,215.32537841796875,215.32537841796875,18260876092
93,2020-05-03,8983.6142578125,9167.78125,8830.9716796875,8897.46875,8897.46875,47101785174,215.35206604003903,219.2708740234375,208.6923675537109,210.9331512451172,210.9331512451172,20469034664
94,2020-05-04,8895.7451171875,8956.90625,8645.0244140625,8912.654296875,8912.654296875,45718796276,210.89085388183597,211.8283843994141,199.0477294921875,208.17401123046875,208.17401123046875,22602446422
95,2020-05-05,8912.83203125,9062.4150390625,8856.8271484375,9003.0703125,9003.0703125,43148462663,208.01300048828125,211.77862548828125,204.0311279296875,206.7743988037109,206.7743988037109,19004689099
96,2020-05-06,9007.44140625,9411.4677734375,8966.7060546875,9268.76171875,9268.76171875,49371886931,206.4813537597656,211.5346221923828,204.04087829589844,204.0557861328125,204.0557861328125,20343543799
97,2020-05-07,9261.8955078125,9992.6640625,9138.322265625,9951.5185546875,9951.5185546875,61112700562,203.9128570556641,214.39247131347656,202.0748443603516,212.28941345214844,212.28941345214844,23594744655
98,2020-05-08,9936.162109375,9996.7431640625,9767.1728515625,9842.666015625,9842.666015625,51780748042,212.1982421875,216.3276824951172,208.8307342529297,212.9915771484375,212.9915771484375,20445139356
99,2020-05-09,9840.90625,9913.86328125,9580.64453125,9593.896484375,9593.896484375,46566121841,213.1421661376953,214.73912048339844,209.07151794433597,211.6001281738281,211.6001281738281,18950547549
100,2020-05-10,9591.1689453125,9595.5810546875,8395.107421875,8756.4306640625,8756.4306640625,63325279337,211.5522003173828,211.5522003173828,182.71116638183597,188.5995635986328,188.5995635986328,25211575193
101,2020-05-11,8755.53515625,9033.470703125,8374.3232421875,8601.7958984375,8601.7958984375,57119858802,188.63218688964844,191.3623352050781,180.7183380126953,185.912841796875,185.912841796875,20054601647
102,2020-05-12,8610.3857421875,8949.8984375,8569.6435546875,8804.4775390625,8804.4775390625,42142717533,185.87733459472656,191.60134887695312,185.7017974853516,189.3125,189.3125,15899726284
103,2020-05-13,8805.3876953125,9317.87890625,8805.3876953125,9269.9873046875,9269.9873046875,45558144023,189.3740997314453,200.19732666015625,189.1277008056641,199.1932830810547,199.1932830810547,17054662289
104,2020-05-14,9271.3291015625,9793.2685546875,9255.03515625,9733.7216796875,9733.7216796875,56426907637,198.8915100097656,204.1175994873047,196.8688201904297,202.9490966796875,202.9490966796875,20150524861
105,2020-05-15,9734.291015625,9755.828125,9261.3984375,9328.197265625,9328.197265625,48158802327,202.9553985595703,203.5663909912109,193.75567626953125,195.62266540527344,195.62266540527344,16602342092
106,2020-05-16,9333.240234375,9564.205078125,9260.6943359375,9377.013671875,9377.013671875,36164766408,195.61338806152344,202.7711944580078,194.5015869140625,200.6771240234375,200.6771240234375,15379081645
107,2020-05-17,9374.9296875,9823.001953125,9349.5458984375,9670.7392578125,9670.7392578125,40084250663,200.6088714599609,209.1609344482422,200.1027984619141,207.15869140625,207.15869140625,15470397303
108,2020-05-18,9675.6953125,9906.0302734375,9570.359375,9726.5751953125,9726.5751953125,41827139896,207.1797790527344,215.9084625244141,207.10906982421875,214.52505493164062,214.52505493164062,17411566928
109,2020-05-19,9727.0634765625,9836.0478515625,9539.6240234375,9729.0380859375,9729.0380859375,39254288955,214.6049346923828,214.6049346923828,210.1430511474609,213.45111083984372,213.45111083984372,14346192779
110,2020-05-20,9725.3291015625,9804.7939453125,9447.201171875,9522.9814453125,9522.9814453125,36546239703,213.4462432861328,214.7168273925781,207.97581481933597,210.09674072265625,210.09674072265625,12730175511
111,2020-05-21,9522.740234375,9555.2421875,8869.9306640625,9081.76171875,9081.76171875,39326160532,210.129150390625,211.62518310546875,193.346435546875,199.88360595703125,199.88360595703125,13308321229
112,2020-05-22,9080.3349609375,9232.9365234375,9008.638671875,9182.5771484375,9182.5771484375,29810773699,199.8371124267578,208.59153747558597,198.04086303710938,207.169189453125,207.169189453125,12041592114
113,2020-05-23,9185.0625,9302.501953125,9118.1083984375,9209.287109375,9209.287109375,27727866812,207.19448852539062,210.38645935058597,205.29421997070312,208.69439697265625,208.69439697265625,10665476768
114,2020-05-24,9212.283203125,9288.404296875,8787.2509765625,8790.3681640625,8790.3681640625,32518803300,208.716064453125,210.59507751464844,202.37034606933597,202.37034606933597,202.37034606933597,11833299572
115,2020-05-25,8786.107421875,8951.005859375,8719.66796875,8906.9345703125,8906.9345703125,31288157264,201.98265075683597,206.3614501953125,200.6675567626953,205.3197479248047,205.3197479248047,10415044124
116,2020-05-26,8909.5859375,8991.9677734375,8757.2939453125,8835.052734375,8835.052734375,29584186947,205.2595672607422,205.75254821777344,200.2642822265625,201.90231323242188,201.90231323242188,10159741290
117,2020-05-27,8837.380859375,9203.3203125,8834.1572265625,9181.017578125,9181.017578125,32740536902,201.89300537109372,208.86343383789062,201.7850646972656,208.86343383789062,208.86343383789062,10631034756
118,2020-05-28,9184.9453125,9546.3193359375,9148.45703125,9525.7509765625,9525.7509765625,34367073114,208.88543701171875,220.2765045166016,206.2426605224609,219.8404235839844,219.8404235839844,12212469604
119,2020-05-29,9528.35546875,9573.6669921875,9379.3388671875,9439.1240234375,9439.1240234375,32896642044,219.925048828125,224.2168731689453,218.2380523681641,220.6751251220703,220.6751251220703,12265816557
120,2020-05-30,9438.9140625,9704.0302734375,9366.7294921875,9700.4140625,9700.4140625,32722975141,220.7172088623047,243.94314575195312,218.7444610595703,242.34559631347656,242.34559631347656,15027397867
121,2020-05-31,9700.10546875,9700.34375,9432.296875,9461.05859375,9461.05859375,27773290299,242.35137939453125,244.04525756835938,230.0528259277344,230.9757080078125,230.9757080078125,12234904813
122,2020-06-01,9463.60546875,10199.5654296875,9450.8994140625,10167.2685546875,10167.2685546875,35198901068,230.8602600097656,248.2362823486328,230.4880523681641,246.99176025390625,246.99176025390625,13951727936
123,2020-06-02,10162.9736328125,10182.3408203125,9460.5712890625,9529.8037109375,9529.8037109375,39137252109,246.82818603515625,252.2220001220703,233.2252960205078,237.21905517578125,237.21905517578125,13782107567
124,2020-06-03,9533.7607421875,9682.859375,9471.8466796875,9656.7177734375,9656.7177734375,25007459262,237.3952178955078,244.1793212890625,235.4644470214844,244.1793212890625,244.1793212890625,9861760817
125,2020-06-04,9655.8544921875,9887.6103515625,9525.2470703125,9800.63671875,9800.63671875,25921805072,244.10528564453125,245.9289703369141,236.7653045654297,244.4263916015625,244.4263916015625,10170414304
126,2020-06-05,9800.2158203125,9869.2373046875,9663.216796875,9665.533203125,9665.533203125,23509628646,244.3495941162109,247.3294982910156,240.6820526123047,241.22198486328125,241.22198486328125,9293963914
127,2020-06-06,9664.904296875,9773.431640625,9591.0244140625,9653.6796875,9653.6796875,20438419222,241.20135498046875,245.9810485839844,239.7245330810547,241.9313201904297,241.9313201904297,8114873845
128,2020-06-07,9653.0029296875,9768.498046875,9458.150390625,9758.8525390625,9758.8525390625,25015250846,241.9080810546875,245.4352569580078,236.32525634765625,245.1672515869141,245.1672515869141,9544883157
129,2020-06-08,9760.0634765625,9782.306640625,9675.8857421875,9771.4892578125,9771.4892578125,21486346312,245.17857360839844,246.64419555664062,241.5421905517578,246.30990600585938,246.30990600585938,8076783299
130,2020-06-09,9774.3603515625,9836.369140625,9664.7197265625,9795.7001953125,9795.7001953125,23717842783,246.17501831054688,248.34243774414062,242.3385467529297,244.9114532470703,244.9114532470703,8446545788
131,2020-06-10,9794.119140625,9908.896484375,9728.291015625,9870.0947265625,9870.0947265625,25706567601,244.8220672607422,248.65115356445312,242.8197479248047,247.4449462890625,247.4449462890625,8792990206
132,2020-06-11,9870.078125,9938.2978515625,9263.0693359375,9321.78125,9321.78125,30247143440,247.5485382080078,249.8883056640625,229.94297790527344,231.7026672363281,231.7026672363281,12356528860
133,2020-06-12,9320.6904296875,9540.4658203125,9285.8515625,9480.84375,9480.84375,22610564515,231.62545776367188,239.3546905517578,229.6450653076172,237.4932098388672,237.4932098388672,8868955009
134,2020-06-13,9480.7353515625,9493.2119140625,9396.009765625,9475.27734375,9475.27734375,17564322315,237.54461669921875,239.19309997558597,235.8896789550781,238.90884399414062,238.90884399414062,7141624980
135,2020-06-14,9477.5537109375,9482.2705078125,9347.59375,9386.7880859375,9386.7880859375,18991732746,238.9681854248047,239.10145568847656,232.95819091796875,234.1147003173828,234.1147003173828,7439385176
136,2020-06-15,9386.03515625,9504.8603515625,8990.17578125,9450.7021484375,9450.7021484375,26699704768,234.0583038330078,234.2378387451172,221.24176025390625,229.9289093017578,229.9289093017578,10536099884
137,2020-06-16,9454.2666015625,9579.4306640625,9400.4453125,9538.0244140625,9538.0244140625,21565537209,229.7622985839844,236.3943023681641,228.4261474609375,234.41616821289062,234.41616821289062,7965648016
138,2020-06-17,9533.7841796875,9540.4228515625,9327.33984375,9480.2548828125,9480.2548828125,20177709879,234.49237060546875,235.9540557861328,229.34164428710938,233.0282745361328,233.0282745361328,7701391592
139,2020-06-18,9481.5673828125,9482.7822265625,9328.3955078125,9411.8408203125,9411.8408203125,17770083003,232.8986968994141,234.57064819335938,228.9514312744141,232.1011657714844,232.1011657714844,6713800872
140,2020-06-19,9410.2939453125,9440.8759765625,9274.2958984375,9288.0185546875,9288.0185546875,19632223107,231.95497131347656,232.15411376953125,226.7951812744141,227.13829040527344,227.13829040527344,6946372590
141,2020-06-20,9290.9599609375,9394.9716796875,9247.3798828125,9332.3408203125,9332.3408203125,17130541557,226.9763641357422,231.4490203857422,226.640625,229.27426147460938,229.27426147460938,6252830566
142,2020-06-21,9330.9267578125,9401.107421875,9300.4306640625,9303.6298828125,9303.6298828125,15324301169,229.2161407470703,232.35894775390625,228.4929962158203,228.9898223876953,228.9898223876953,5600408178
143,2020-06-22,9300.9150390625,9655.0732421875,9296.8720703125,9648.7177734375,9648.7177734375,21104009514,229.0033721923828,243.7760162353516,228.9347381591797,242.5331878662109,242.5331878662109,9079586552
144,2020-06-23,9644.076171875,9670.541015625,9547.2470703125,9629.658203125,9629.658203125,17006433272,242.5370178222656,244.86441040039062,239.75973510742188,244.14215087890625,244.14215087890625,6624530348
145,2020-06-24,9632.1494140625,9680.3671875,9278.2333984375,9313.6103515625,9313.6103515625,18961716076,244.18592834472656,248.50802612304688,232.8077392578125,235.7724609375,235.7724609375,8815030025
146,2020-06-25,9314.126953125,9340.1611328125,9095.32421875,9264.8134765625,9264.8134765625,18616048626,235.70285034179688,236.05340576171875,230.29660034179688,232.94448852539062,232.94448852539062,7010426122
147,2020-06-26,9260.9951171875,9310.5166015625,9101.73828125,9162.91796875,9162.91796875,18341465837,232.8774871826172,233.9019317626953,229.25946044921875,229.6680450439453,229.6680450439453,7187490226
148,2020-06-27,9167.82421875,9207.810546875,8998.216796875,9045.390625,9045.390625,17273093144,229.6314849853516,232.4934234619141,220.5645751953125,222.9597930908203,222.9597930908203,6918380955
149,2020-06-28,9048.4609375,9197.546875,8975.525390625,9143.58203125,9143.58203125,14560870760,222.91448974609372,228.5982818603516,219.47267150878903,225.34716796875,225.34716796875,6205925718
150,2020-06-29,9140.029296875,9237.5732421875,9041.8759765625,9190.8544921875,9190.8544921875,16460547078,225.36143493652344,229.90321350097656,222.25498962402344,228.1948699951172,228.1948699951172,6726164653
151,2020-06-30,9185.5810546875,9217.8359375,9084.837890625,9137.9931640625,9137.9931640625,15735797744,227.9684295654297,229.476806640625,224.815185546875,226.31500244140625,226.31500244140625,6094093001
152,2020-07-01,9145.9853515625,9309.7548828125,9104.7353515625,9228.3251953125,9228.3251953125,15971550355,226.13458251953125,232.7561187744141,224.8357391357422,231.1134185791016,231.1134185791016,6463737443
153,2020-07-02,9231.1396484375,9274.962890625,9036.623046875,9123.41015625,9123.41015625,16338916796,231.28890991210938,232.3968811035156,225.4619598388672,229.39219665527344,229.39219665527344,6212210566
154,2020-07-03,9124.8427734375,9202.3447265625,9058.794921875,9087.3037109375,9087.3037109375,13078970999,229.31895446777344,229.6293182373047,224.9139709472656,225.38706970214844,225.38706970214844,5109032700
155,2020-07-04,9084.2333984375,9183.2958984375,9053.6298828125,9132.48828125,9132.48828125,12290528515,225.2884826660156,230.05413818359372,225.13331604003903,229.07411193847656,229.07411193847656,5228310135
156,2020-07-05,9126.0908203125,9162.18359375,8977.015625,9073.9423828125,9073.9423828125,12903406143,228.9761962890625,229.85671997070312,224.54449462890625,227.6645965576172,227.6645965576172,5292172429
157,2020-07-06,9072.849609375,9375.474609375,9058.6640625,9375.474609375,9375.474609375,17889263252,227.6850128173828,242.13270568847656,227.02952575683597,241.51022338867188,241.51022338867188,8782917553
158,2020-07-07,9349.1611328125,9360.6171875,9201.8154296875,9252.27734375,9252.27734375,13839652595,240.97259521484372,242.68185424804688,234.2186584472656,239.07553100585938,239.07553100585938,6441497597
159,2020-07-08,9253.0205078125,9450.3359375,9249.5,9428.3330078125,9428.3330078125,19702359883,239.15997314453125,248.30886840820312,238.39837646484372,246.6700134277344,246.6700134277344,9892586411
160,2020-07-09,9427.994140625,9431.37890625,9234.9990234375,9277.9677734375,9277.9677734375,18000702524,246.748291015625,247.2916717529297,239.89865112304688,243.01596069335938,243.01596069335938,8429099199
161,2020-07-10,9273.357421875,9287.4716796875,9118.001953125,9278.8076171875,9278.8076171875,16860035605,242.86801147460938,242.8837890625,236.73052978515625,240.9849853515625,240.9849853515625,7281370522
162,2020-07-11,9277.51171875,9293.5322265625,9199.4853515625,9240.3466796875,9240.3466796875,13249910444,241.04478454589844,241.5274810791016,238.33123779296875,239.4581756591797,239.4581756591797,5643067316
163,2020-07-12,9241.0546875,9319.4189453125,9197.4501953125,9276.5,9276.5,14452361907,239.4596405029297,243.31114196777344,237.7702178955078,242.13169860839844,242.13169860839844,6596394718
164,2020-07-13,9277.205078125,9306.4052734375,9224.29296875,9243.6142578125,9243.6142578125,17519821266,242.18186950683597,244.31051635742188,238.2323760986328,239.6045837402344,239.6045837402344,7787751468
165,2020-07-14,9238.703125,9283.841796875,9171.6611328125,9243.2138671875,9243.2138671875,18085038362,239.9756164550781,242.0037841796875,237.7961883544922,240.21148681640625,240.21148681640625,7357458555
166,2020-07-15,9241.8974609375,9275.3251953125,9171.93359375,9192.8369140625,9192.8369140625,15844731575,240.1436462402344,241.40269470214844,237.0961761474609,238.42352294921875,238.42352294921875,6189328448
167,2020-07-16,9191.98046875,9214.3125,9088.947265625,9132.2275390625,9132.2275390625,15713967523,238.45091247558597,239.0062561035156,231.6211700439453,233.6408843994141,233.6408843994141,5832057567
168,2020-07-17,9131.8125,9182.25390625,9089.2021484375,9151.392578125,9151.392578125,13944570749,233.6913909912109,234.4150695800781,232.10997009277344,232.7730865478516,232.7730865478516,5859850529
169,2020-07-18,9151.18359375,9230.9833984375,9100.82421875,9159.0400390625,9159.0400390625,12252601475,232.85568237304688,236.5439758300781,232.32489013671875,235.4838104248047,235.4838104248047,5397402117
170,2020-07-19,9158.005859375,9201.3984375,9097.6328125,9185.8173828125,9185.8173828125,12939002784,235.4582977294922,239.1606903076172,233.2797393798828,238.48751831054688,238.48751831054688,6251377305
171,2020-07-20,9187.220703125,9214.2705078125,9137.509765625,9164.2314453125,9164.2314453125,13755604146,238.494873046875,239.5762481689453,234.85264587402344,236.15316772460938,236.15316772460938,5600686192
172,2020-07-21,9162.5146484375,9407.2626953125,9149.3896484375,9374.8876953125,9374.8876953125,18069581956,236.3025054931641,246.18626403808597,235.68096923828125,245.0167236328125,245.0167236328125,6806696015
173,2020-07-22,9375.080078125,9530.5185546875,9319.6533203125,9525.36328125,9525.36328125,16532254884,245.03726196289062,262.98504638671875,242.48434448242188,262.19064331054693,262.19064331054693,7702077383
174,2020-07-23,9527.1416015625,9610.2470703125,9483.00390625,9581.072265625,9581.072265625,18146399002,262.38864135742193,277.58346557617193,261.04708862304693,274.68905639648443,274.68905639648443,10281309262
175,2020-07-24,9585.5146484375,9623.3369140625,9481.4541015625,9536.892578125,9536.892578125,16552768325,274.72268676757807,286.1928405761719,269.23977661132807,279.21542358398443,279.21542358398443,9466060358
176,2020-07-25,9539.4853515625,9704.556640625,9530.2119140625,9677.11328125,9677.11328125,16610070933,279.0263671875,306.7409973144531,279.0263671875,304.0567626953125,304.0567626953125,10785021813
177,2020-07-26,9680.234375,10023.8076171875,9652.84765625,9905.1669921875,9905.1669921875,20507998997,303.6923828125,316.3863220214844,300.267822265625,309.64361572265625,309.64361572265625,12003973026
178,2020-07-27,9905.2177734375,11298.2216796875,9903.9697265625,10990.873046875,10990.873046875,35359749590,309.6579284667969,330.7012023925781,309.6579284667969,321.51409912109375,321.51409912109375,15644257058
179,2020-07-28,11017.4638671875,11204.3271484375,10632.6318359375,10912.8232421875,10912.8232421875,28766551142,321.8297424316406,325.9059753417969,307.7213439941406,316.6572570800781,316.6572570800781,12357108065
180,2020-07-29,10912.953125,11304.3974609375,10856.1416015625,11100.4677734375,11100.4677734375,24617249715,316.55535888671875,324.38079833984375,313.1095886230469,318.1908874511719,318.1908874511719,10878845706
181,2020-07-30,11099.8330078125,11169.3564453125,10895.455078125,11111.2138671875,11111.2138671875,22857247901,318.1449890136719,338.6311950683594,315.7510986328125,334.5866394042969,334.5866394042969,11827689045
182,2020-07-31,11110.2109375,11415.8642578125,10987.0537109375,11323.466796875,11323.466796875,23160469766,334.63372802734375,348.6113586425781,329.3409423828125,345.5546569824219,345.5546569824219,12030600492
183,2020-08-01,11322.5703125,11794.775390625,11239.6826171875,11759.5927734375,11759.5927734375,26075670303,345.7986145019531,388.84796142578125,343.5874328613281,385.19970703125,385.19970703125,14045259477
184,2020-08-02,11758.7646484375,12034.14453125,11018.1298828125,11053.6142578125,11053.6142578125,27410067336,385.54986572265625,411.2283020019531,357.1436462402344,370.6717224121094,370.6717224121094,18909744275
185,2020-08-03,11043.7685546875,11453.0791015625,11012.4150390625,11246.3486328125,11246.3486328125,20271713443,371.13385009765625,396.5069885253906,369.3363342285156,386.295166015625,386.295166015625,12834648062
186,2020-08-04,11246.203125,11385.3818359375,11094.1455078125,11205.892578125,11205.892578125,21250197042,386.1564636230469,400.70062255859375,382.985107421875,389.87548828125,389.87548828125,14086704221
187,2020-08-05,11203.8232421875,11786.6171875,11158.28515625,11747.0224609375,11747.0224609375,24411254471,389.7108154296875,406.303955078125,386.2184753417969,401.590576171875,401.590576171875,12875466638
188,2020-08-06,11749.87109375,11902.3359375,11598.7138671875,11779.7734375,11779.7734375,23400740340,401.5838623046875,403.4886779785156,392.6001892089844,394.9619445800781,394.9619445800781,11304626458
189,2020-08-07,11778.89453125,11898.0380859375,11408.59375,11601.47265625,11601.47265625,23132312867,395.22686767578125,398.2490234375,367.9355163574219,379.5128479003906,379.5128479003906,12751687084
190,2020-08-08,11604.5537109375,11800.064453125,11558.431640625,11754.0458984375,11754.0458984375,17572057837,379.55157470703125,393.98736572265625,377.3497314453125,393.98736572265625,393.98736572265625,9342060531
191,2020-08-09,11737.3251953125,11806.056640625,11548.7841796875,11675.7392578125,11675.7392578125,17489608833,395.3052368164063,399.7370910644531,385.8307189941406,391.1204528808594,391.1204528808594,9451065592
192,2020-08-10,11662.2568359375,12045.140625,11662.2568359375,11878.111328125,11878.111328125,26114112569,391.04150390625,399.3759460449219,391.04150390625,395.8875732421875,395.8875732421875,11685827893
193,2020-08-11,11881.6474609375,11932.7109375,11195.708984375,11410.525390625,11410.525390625,27039782640,395.8947143554688,398.4789123535156,370.8606262207031,380.3840637207031,380.3840637207031,12792218737
194,2020-08-12,11404.5966796875,11748.396484375,11249.60546875,11584.9345703125,11584.9345703125,25064548486,380.0638122558594,391.31231689453125,367.9236145019531,391.024169921875,391.024169921875,12408772745
195,2020-08-13,11588.4052734375,11796.396484375,11216.8720703125,11784.1376953125,11784.1376953125,27522199497,390.8381042480469,432.90460205078125,379.71087646484375,428.7417907714844,428.7417907714844,18480303526
196,2020-08-14,11772.6591796875,12150.994140625,11685.455078125,11768.87109375,11768.87109375,24237958589,428.6772766113281,444.5777587890625,423.3458557128906,437.3978271484375,437.3978271484375,15064589987
197,2020-08-15,11768.697265625,11963.203125,11768.697265625,11865.6982421875,11865.6982421875,23354924400,437.56298828125,441.7546081542969,429.8746032714844,433.35491943359375,433.35491943359375,12416067894
198,2020-08-16,11866.685546875,11934.9013671875,11737.1884765625,11892.8037109375,11892.8037109375,20583375490,433.3505859375,436.2658386230469,415.08624267578125,433.78662109375,433.78662109375,12168816874
199,2020-08-17,11895.658203125,12359.056640625,11806.6962890625,12254.40234375,12254.40234375,28227687027,433.9737548828125,442.7349853515625,422.64727783203125,429.53125,429.53125,13227089410
200,2020-08-18,12251.8955078125,12335.70703125,11954.525390625,11991.2333984375,11991.2333984375,26043227672,429.6696166992188,432.5802917480469,419.6741027832031,423.6693115234375,423.6693115234375,11978984079
201,2020-08-19,11990.884765625,12028.923828125,11687.3330078125,11758.283203125,11758.283203125,24502851117,423.73858642578125,427.024658203125,396.6783447265625,406.4637756347656,406.4637756347656,13137391167
202,2020-08-20,11761.5,11900.4111328125,11710.0634765625,11878.3720703125,11878.3720703125,20175242945,406.7589111328125,418.73443603515625,404.0260925292969,416.4397888183594,416.4397888183594,10043032427
203,2020-08-21,11878.0263671875,11899.259765625,11564.9794921875,11592.4892578125,11592.4892578125,23762425999,416.1487731933594,418.6379699707031,387.4411315917969,389.1263427734375,389.1263427734375,11781796374
204,2020-08-22,11585.4775390625,11689.4072265625,11448.8056640625,11681.8251953125,11681.8251953125,20224191306,389.0310974121094,396.4665832519531,382.8146362304688,395.8351440429688,395.8351440429688,10131847985
205,2020-08-23,11679.6962890625,11713.4296875,11559.9208984375,11664.84765625,11664.84765625,18482062658,395.5628356933594,396.4904174804688,385.039794921875,391.3844909667969,391.3844909667969,8137303970
206,2020-08-24,11663.689453125,11807.6318359375,11623.25,11774.595703125,11774.595703125,20681511755,391.6789855957031,409.3885803222656,389.3146057128906,408.1441955566406,408.1441955566406,10328860398
207,2020-08-25,11773.5888671875,11778.2998046875,11189.8505859375,11366.134765625,11366.134765625,26301509932,408.0716857910156,408.5279235839844,374.3553771972656,384.00103759765625,384.00103759765625,12428442042
208,2020-08-26,11366.89453125,11530.052734375,11296.9931640625,11488.36328125,11488.36328125,22466660958,383.9774475097656,391.8732604980469,378.7058410644531,386.46612548828125,386.46612548828125,9967343483
209,2020-08-27,11485.6083984375,11570.7861328125,11185.94140625,11323.3974609375,11323.3974609375,23240415076,386.60986328125,395.3491821289063,374.8664855957031,382.63262939453125,382.63262939453125,10457777652
210,2020-08-28,11325.2958984375,11545.615234375,11316.4228515625,11542.5,11542.5,19807127588,382.6295776367188,397.75762939453125,381.2738342285156,395.8746643066406,395.8746643066406,9120674421
211,2020-08-29,11541.0546875,11585.640625,11466.29296875,11506.865234375,11506.865234375,17485597759,395.6875915527344,405.6163635253906,393.03741455078125,399.9214782714844,399.9214782714844,8777703481
212,2020-08-30,11508.7138671875,11715.2646484375,11492.3818359375,11711.505859375,11711.505859375,19760127945,399.61669921875,428.6639709472656,399.6083679199219,428.3957214355469,428.3957214355469,11211948040
213,2020-08-31,11713.306640625,11768.876953125,11598.318359375,11680.8203125,11680.8203125,22285928250,428.5090026855469,438.5603332519531,419.7701721191406,435.0797424316406,435.0797424316406,12774741797
214,2020-09-01,11679.31640625,12067.0810546875,11601.12890625,11970.478515625,11970.478515625,27311555343,434.87445068359375,487.2118835449219,432.0791931152344,477.0519104003906,477.0519104003906,18862763756
215,2020-09-02,11964.8232421875,11964.8232421875,11290.7939453125,11414.0341796875,11414.0341796875,28037405299,477.00787353515625,480.33099365234375,424.46002197265625,440.0404968261719,440.0404968261719,19691854014
216,2020-09-03,11407.19140625,11443.0224609375,10182.46484375,10245.296875,10245.296875,31927261555,440.239990234375,449.532470703125,381.12969970703125,385.67193603515625,385.67193603515625,19622845896
217,2020-09-04,10230.365234375,10663.919921875,10207.9404296875,10511.8134765625,10511.8134765625,29965130374,384.671630859375,402.4117431640625,371.6366882324219,388.24114990234375,388.24114990234375,16747106257
218,2020-09-05,10512.5302734375,10581.5712890625,9946.67578125,10169.5673828125,10169.5673828125,44916565292,388.03839111328125,394.1722717285156,316.77435302734375,335.26007080078125,335.26007080078125,29880047640
219,2020-09-06,10167.216796875,10353.927734375,10056.8857421875,10280.3515625,10280.3515625,37071460174,335.3345642089844,359.7640380859375,319.0419006347656,353.3622741699219,353.3622741699219,27643678917
220,2020-09-07,10280.998046875,10399.1533203125,9916.4931640625,10369.5634765625,10369.5634765625,33703098409,353.45025634765625,358.2118835449219,326.2543640136719,352.6734924316406,352.6734924316406,21763614732
221,2020-09-08,10369.306640625,10414.775390625,9945.1103515625,10131.5166015625,10131.5166015625,33430927462,353.2022705078125,355.5628662109375,328.8167724609375,337.60211181640625,337.60211181640625,17991403432
222,2020-09-09,10134.1513671875,10350.54296875,10017.2509765625,10242.34765625,10242.34765625,24128292755,337.8249206542969,359.16448974609375,332.1650085449219,351.1100158691406,351.1100158691406,14547933520
223,2020-09-10,10242.330078125,10503.912109375,10238.1357421875,10363.138671875,10363.138671875,54406443211,351.4293212890625,377.3935852050781,351.11175537109375,368.1018981933594,368.1018981933594,31421134556
224,2020-09-11,10369.0283203125,10434.9228515625,10140.8369140625,10400.9150390625,10400.9150390625,45201121775,368.1184997558594,376.6304016113281,355.58258056640625,374.6955871582031,374.6955871582031,27296269329
225,2020-09-12,10409.861328125,10578.837890625,10292.38671875,10442.1708984375,10442.1708984375,36750077324,374.5953979492188,387.5384521484375,367.8421936035156,387.18310546875,387.18310546875,13295405814
226,2020-09-13,10452.3994140625,10577.21484375,10224.330078125,10323.755859375,10323.755859375,36506852789,387.519287109375,388.9598083496094,354.3401794433594,365.5700073242188,365.5700073242188,15005899191
227,2020-09-14,10328.734375,10800.0107421875,10266.0087890625,10680.837890625,10680.837890625,35453581940,365.6995849609375,384.4851989746094,357.56976318359375,377.26885986328125,377.26885986328125,17536695361
228,2020-09-15,10677.7548828125,10938.6318359375,10656.4599609375,10796.951171875,10796.951171875,32509451925,377.1540222167969,381.50830078125,363.6068115234375,364.8392028808594,364.8392028808594,16140584321
229,2020-09-16,10797.76171875,11100.1240234375,10704.884765625,10974.9052734375,10974.9052734375,30769986455,364.7439880371094,372.7674255371094,356.6827392578125,365.8122863769531,365.8122863769531,16107612177
230,2020-09-17,10973.251953125,11037.4208984375,10774.6279296875,10948.990234375,10948.990234375,38151810523,365.8657836914063,393.901611328125,364.7951354980469,389.0192260742188,389.0192260742188,19899531080
231,2020-09-18,10951.8203125,11034.908203125,10829.6572265625,10944.5859375,10944.5859375,26341903912,389.3374938964844,391.9041442871094,376.9649963378906,384.3645324707031,384.3645324707031,14108357740
232,2020-09-19,10933.7529296875,11134.0927734375,10909.6181640625,11094.3466796875,11094.3466796875,22764204008,384.0416564941406,387.0763549804688,378.72406005859375,385.54437255859375,385.54437255859375,11049507684
233,2020-09-20,11095.8701171875,11095.8701171875,10814.4775390625,10938.271484375,10938.271484375,24699523788,385.5979919433594,385.5979919433594,367.0943603515625,371.0528259277344,371.0528259277344,12292195784
234,2020-09-21,10934.92578125,10988.3046875,10380.2607421875,10462.259765625,10462.259765625,28884999244,371.400146484375,375.7370300292969,336.0689697265625,341.78607177734375,341.78607177734375,17398267133
235,2020-09-22,10459.6240234375,10568.0771484375,10382.7265625,10538.4599609375,10538.4599609375,23621787804,341.72381591796875,346.600830078125,336.85504150390625,344.503173828125,344.503173828125,12732578043
236,2020-09-23,10535.4921875,10537.828125,10197.865234375,10246.1865234375,10246.1865234375,23788661867,344.58990478515625,344.67138671875,318.9692077636719,321.1163024902344,321.1163024902344,12899346599
237,2020-09-24,10248.7861328125,10771.056640625,10231.490234375,10760.06640625,10760.06640625,47144380902,320.9850158691406,351.46148681640625,318.54510498046875,349.3555908203125,349.3555908203125,15714304470
238,2020-09-25,10761.109375,10777.6962890625,10578.9140625,10692.716796875,10692.716796875,39348590957,349.41143798828125,357.7727355957031,339.01593017578125,352.1832580566406,352.1832580566406,14381086966
239,2020-09-26,10695.5751953125,10772.9990234375,10667.28125,10750.7236328125,10750.7236328125,46852525493,352.35089111328125,355.8547668457031,348.10711669921875,355.48809814453125,355.48809814453125,13049148579
240,2020-09-27,10746.892578125,10803.9765625,10622.921875,10775.26953125,10775.26953125,53745972818,354.95989990234375,361.9844055175781,349.8340759277344,357.4385070800781,357.4385070800781,13598126926
241,2020-09-28,10776.61328125,10945.34765625,10703.8935546875,10709.65234375,10709.65234375,47762394731,357.9259338378906,366.4321594238281,354.5476379394531,355.159423828125,355.159423828125,14258455166
242,2020-09-29,10709.650390625,10860.0009765625,10649.4951171875,10844.640625,10844.640625,46582396602,354.3630065917969,360.3533630371094,352.1468505859375,359.75738525390625,359.75738525390625,11600013236
243,2020-09-30,10843.87109375,10847.2568359375,10669.3212890625,10784.4912109375,10784.4912109375,44171073700,360.03851318359375,361.17877197265625,353.32794189453125,359.9378662109375,359.9378662109375,11818610610
244,2020-10-01,10795.2548828125,10933.6240234375,10472.3564453125,10619.4521484375,10619.4521484375,40023134100,360.3091430664063,369.264404296875,346.47705078125,353.2059020996094,353.2059020996094,14679481911
245,2020-10-02,10619.8212890625,10657.837890625,10416.689453125,10575.974609375,10575.974609375,48661453918,352.9496765136719,354.11541748046875,336.4671630859375,346.2389221191406,346.2389221191406,14215390463
246,2020-10-03,10575.1005859375,10598.9404296875,10511.1298828125,10549.3291015625,10549.3291015625,44660271563,346.2186279296875,351.3077087402344,344.66656494140625,346.5220947265625,346.5220947265625,10060167889
247,2020-10-04,10550.4404296875,10686.0,10534.3916015625,10669.5830078125,10669.5830078125,71251776995,346.60223388671875,354.0457458496094,345.1310119628906,352.5790100097656,352.5790100097656,10696959020
248,2020-10-05,10676.529296875,10793.5078125,10634.6005859375,10793.33984375,10793.33984375,47537578009,352.73681640625,355.2140808105469,349.6799011230469,353.956787109375,353.956787109375,11809507622
249,2020-10-06,10796.306640625,10797.578125,10528.890625,10604.40625,10604.40625,42623695307,353.95648193359375,354.989013671875,338.0032958984375,340.81585693359375,340.81585693359375,12830796112
250,2020-10-07,10603.35546875,10680.5078125,10562.5068359375,10668.96875,10668.96875,37799458436,340.9430847167969,342.4508361816406,334.5455627441406,341.80865478515625,341.80865478515625,11929918060
251,2020-10-08,10669.37109375,10945.7373046875,10562.6064453125,10915.685546875,10915.685546875,63314794397,342.0446472167969,352.21148681640625,335.6474914550781,350.7661437988281,350.7661437988281,13461017711
252,2020-10-09,10927.9130859375,11102.671875,10846.8505859375,11064.4580078125,11064.4580078125,22799117613,351.1128845214844,368.3103332519531,348.2058410644531,365.5904846191406,365.5904846191406,13043501763
253,2020-10-10,11059.142578125,11442.2109375,11056.9404296875,11296.361328125,11296.361328125,22877978588,365.4024658203125,378.2671508789063,365.3540344238281,370.96759033203125,370.96759033203125,13618484324
254,2020-10-11,11296.08203125,11428.8134765625,11288.6279296875,11384.181640625,11384.181640625,19968627060,370.9284362792969,377.2467956542969,369.8280334472656,375.1420593261719,375.1420593261719,12584512533
255,2020-10-12,11392.6357421875,11698.4677734375,11240.6865234375,11555.36328125,11555.36328125,26163972642,374.7987365722656,395.1221618652344,366.642333984375,387.73126220703125,387.73126220703125,15867455424
256,2020-10-13,11548.7197265625,11548.984375,11321.224609375,11425.8994140625,11425.8994140625,24241420251,387.1429443359375,387.3756713867188,375.58245849609375,381.1907653808594,381.1907653808594,14226744838
257,2020-10-14,11429.0478515625,11539.9775390625,11307.8310546875,11429.5068359375,11429.5068359375,24103426719,381.9714660644531,387.2961730957031,374.1750183105469,379.4840393066406,379.4840393066406,13918846567
258,2020-10-15,11426.6025390625,11569.9140625,11303.603515625,11495.349609375,11495.349609375,24487233058,379.1922302246094,381.2087707519531,371.3541259765625,377.44183349609375,377.44183349609375,14964182545
259,2020-10-16,11502.828125,11540.0615234375,11223.0126953125,11322.123046875,11322.123046875,25635480772,377.8684997558594,380.0215148925781,362.597412109375,366.22900390625,366.22900390625,14670784817
260,2020-10-17,11322.123046875,11386.26171875,11285.345703125,11358.1015625,11358.1015625,19130430174,366.0157165527344,369.7681274414063,364.489013671875,368.8559265136719,368.8559265136719,10951115359
261,2020-10-18,11355.982421875,11483.359375,11347.578125,11483.359375,11483.359375,18283314340,368.7275390625,378.59765625,368.129150390625,378.21368408203125,378.21368408203125,11047103109
262,2020-10-19,11495.0380859375,11799.0927734375,11408.2900390625,11742.037109375,11742.037109375,23860769928,378.4696350097656,383.3176574707031,373.7022705078125,379.93560791015625,379.93560791015625,12811242092
263,2020-10-20,11745.974609375,11999.91796875,11681.48046875,11916.3349609375,11916.3349609375,30915821592,379.7196960449219,380.7610168457031,367.60107421875,369.1369018554688,369.1369018554688,13741586582
264,2020-10-21,11913.0771484375,13184.56640625,11900.9287109375,12823.689453125,12823.689453125,43414712626,369.0594177246094,400.62725830078125,368.72796630859375,392.1899719238281,392.1899719238281,20241324322
265,2020-10-22,12801.6357421875,13161.59375,12717.09375,12965.8916015625,12965.8916015625,34729759598,391.4886169433594,420.14166259765625,391.27630615234375,413.7729797363281,413.7729797363281,15772846485
266,2020-10-23,12971.548828125,13015.9619140625,12752.6474609375,12931.5390625,12931.5390625,28974975003,414.0513305664063,418.9599304199219,403.08203125,409.7666931152344,409.7666931152344,14256222052
267,2020-10-24,12931.57421875,13145.06640625,12885.7470703125,13108.0625,13108.0625,24542317940,409.7672424316406,416.59967041015625,407.8517150878906,412.4576110839844,412.4576110839844,12201739194
268,2020-10-25,13108.0634765625,13329.18359375,12910.0615234375,13031.173828125,13031.173828125,24406920575,412.4576416015625,417.1592102050781,405.35064697265625,406.2177734375,406.2177734375,10890207469
269,2020-10-26,13031.201171875,13225.2978515625,12822.3828125,13075.248046875,13075.248046875,29461458313,406.2179870605469,411.2798767089844,383.7828979492188,393.8883056640625,393.8883056640625,15155684229
270,2020-10-27,13075.2421875,13759.6689453125,13060.837890625,13654.21875,13654.21875,33749878156,393.88818359375,409.7728576660156,390.60845947265625,403.9970397949219,403.9970397949219,13940434102
271,2020-10-28,13654.21484375,13837.6953125,12932.2509765625,13271.28515625,13271.28515625,35867318895,403.9971008300781,408.9647521972656,381.1463317871094,388.6507568359375,388.6507568359375,15276441134
272,2020-10-29,13271.298828125,13612.0478515625,12980.0595703125,13437.8828125,13437.8828125,56499499598,388.6510620117188,393.2276916503906,381.2887573242188,386.7301025390625,386.7301025390625,12920477749
273,2020-10-30,13437.8740234375,13651.5166015625,13136.1982421875,13546.5224609375,13546.5224609375,30581485201,386.7302551269531,391.4647216796875,375.0924072265625,382.8199768066406,382.8199768066406,13688056970
274,2020-10-31,13546.5322265625,14028.2138671875,13457.5302734375,13780.9951171875,13780.9951171875,30306464719,382.8200378417969,393.0101318359375,381.2952575683594,386.59033203125,386.59033203125,11276963426
275,2020-11-01,13780.9951171875,13862.033203125,13628.3779296875,13737.109375,13737.109375,24453857900,386.59033203125,397.1161193847656,385.16552734375,396.3581848144531,396.3581848144531,10475146018
276,2020-11-02,13737.0322265625,13808.3232421875,13243.16015625,13550.4892578125,13550.4892578125,30771455468,396.3559875488281,403.2407531738281,381.01763916015625,383.15673828125,383.15673828125,13997574252
277,2020-11-03,13550.451171875,13984.9814453125,13325.44140625,13950.30078125,13950.30078125,29869951617,383.1560363769531,389.515380859375,371.312744140625,387.6021728515625,387.6021728515625,12588494762
278,2020-11-04,13950.48828125,14218.7666015625,13580.4716796875,14133.70703125,14133.70703125,35116364962,387.6032104492188,407.6656494140625,377.8276062011719,402.1419982910156,402.1419982910156,15126077675
279,2020-11-05,14133.7333984375,15706.404296875,14102.0888671875,15579.8486328125,15579.8486328125,40856321439,402.1429443359375,417.5259399414063,397.2458190917969,414.0673522949219,414.0673522949219,15440711038
280,2020-11-06,15579.7294921875,15903.4375,15226.83984375,15565.880859375,15565.880859375,39837841971,414.06671142578125,456.20062255859375,412.9822998046875,454.7192993164063,454.7192993164063,16738305610
281,2020-11-07,15565.880859375,15737.095703125,14423.203125,14833.75390625,14833.75390625,35024953706,454.7225646972656,465.6754760742188,428.45635986328125,435.713134765625,435.713134765625,18873289788
282,2020-11-08,14833.75390625,15637.3203125,14744.1103515625,15479.5673828125,15479.5673828125,26632075029,435.71881103515625,457.7804565429688,433.1537780761719,453.5547790527344,453.5547790527344,11292383601
283,2020-11-09,15479.595703125,15785.13671875,14865.529296875,15332.3154296875,15332.3154296875,34149115566,453.57415771484375,457.349609375,435.16387939453125,444.1630554199219,444.1630554199219,13704320630
284,2020-11-10,15332.3505859375,15450.3291015625,15124.9599609375,15290.90234375,15290.90234375,25574938143,444.1663818359375,453.7583618164063,439.6001281738281,449.67962646484375,449.67962646484375,12090381666
285,2020-11-11,15290.9091796875,15916.2607421875,15290.0068359375,15701.33984375,15701.33984375,29772374934,449.6796569824219,473.578857421875,449.5249328613281,462.9605407714844,462.9605407714844,14075403511
286,2020-11-12,15701.298828125,16305.00390625,15534.771484375,16276.34375,16276.34375,34175758344,462.9595336914063,467.6778259277344,452.0724182128906,461.0052795410156,461.0052795410156,12877327234
287,2020-11-13,16276.4404296875,16463.177734375,15992.15234375,16317.80859375,16317.80859375,31599492172,461.0054931640625,475.2172546386719,457.2982482910156,474.6264343261719,474.6264343261719,13191505725
288,2020-11-14,16317.80859375,16317.80859375,15749.193359375,16068.138671875,16068.138671875,27481710135,474.6264343261719,475.16143798828125,452.986083984375,460.14984130859375,460.14984130859375,10312037942
289,2020-11-15,16068.1396484375,16123.1103515625,15793.5341796875,15955.587890625,15955.587890625,23653867583,460.14990234375,460.99407958984375,440.25433349609375,447.55908203125,447.55908203125,10308617165
290,2020-11-16,15955.5771484375,16816.181640625,15880.7060546875,16716.111328125,16716.111328125,31526766675,447.5589904785156,463.8310241699219,445.5016174316406,459.9403076171875,459.9403076171875,11441239444
291,2020-11-17,16685.69140625,17782.919921875,16564.544921875,17645.40625,17645.40625,39006849170,464.4066467285156,482.2322082519531,460.776611328125,480.3600769042969,480.3600769042969,14593057877
292,2020-11-18,17645.19140625,18393.94921875,17352.90625,17804.005859375,17804.005859375,49064800278,480.3468322753906,491.9999084472656,465.8309631347656,479.4840698242188,479.4840698242188,17880199224
293,2020-11-19,17803.861328125,18119.546875,17382.5546875,17817.08984375,17817.08984375,36985055355,479.4810180664063,480.1217346191406,465.7042541503906,471.6304321289063,471.6304321289063,12473929218
294,2020-11-20,17817.083984375,18773.2265625,17765.794921875,18621.314453125,18621.314453125,36992873940,471.6314697265625,513.6103515625,471.6314697265625,509.74456787109375,509.74456787109375,18629943296
295,2020-11-21,18621.31640625,18936.62109375,18444.359375,18642.232421875,18642.232421875,39650210707,509.7445983886719,550.2274169921875,504.2377624511719,549.4866333007811,549.4866333007811,20757099184
296,2020-11-22,18642.232421875,18688.96875,17671.384765625,18370.001953125,18370.001953125,41280434226,549.4866333007811,579.3724975585938,514.5172119140625,558.068115234375,558.068115234375,21967049601
297,2020-11-23,18370.017578125,18711.42578125,18000.796875,18364.12109375,18364.12109375,42741112308,558.0595092773439,609.9876098632812,551.2652587890625,608.4540405273438,608.4540405273438,27272302872
298,2020-11-24,18365.015625,19348.271484375,18128.65625,19107.46484375,19107.46484375,51469565009,608.5227661132812,621.1734008789062,593.8351440429688,603.8977661132812,603.8977661132812,23281758100
299,2020-11-25,19104.41015625,19390.96484375,18581.146484375,18732.12109375,18732.12109375,43710357371,603.9020385742188,605.0941772460938,559.67138671875,570.6866455078125,570.6866455078125,20088492893
300,2020-11-26,18729.83984375,18866.28515625,16351.03515625,17150.623046875,17150.623046875,61396835737,570.514892578125,575.6414794921875,485.497314453125,518.8011474609375,518.8011474609375,31104004592
301,2020-11-27,17153.9140625,17445.0234375,16526.423828125,17108.40234375,17108.40234375,38886494645,519.1080932617189,530.7771606445311,497.24261474609375,517.4937133789061,517.4937133789061,16831105703
302,2020-11-28,17112.93359375,17853.939453125,16910.65234375,17717.4140625,17717.4140625,32601040734,517.5973510742189,548.0448608398439,508.1253662109375,538.2297973632811,538.2297973632811,14770243833
303,2020-11-29,17719.634765625,18283.62890625,17559.1171875,18177.484375,18177.484375,31133957704,538.2645874023439,576.6024169921875,531.987548828125,575.758056640625,575.758056640625,15017517758
304,2020-11-30,18178.322265625,19749.263671875,18178.322265625,19625.8359375,19625.8359375,47728480399,575.757080078125,615.2405395507812,571.5377807617188,614.842529296875,614.842529296875,20276867833
305,2020-12-01,19633.76953125,19845.974609375,18321.921875,18802.998046875,18802.998046875,49633658712,615.0703125,635.1605834960938,571.7539672851562,587.3241577148438,587.3241577148438,27178964465
306,2020-12-02,18801.744140625,19308.330078125,18347.71875,19201.091796875,19201.091796875,37387697139,587.2615966796875,604.0224609375,578.7410278320312,598.3523559570312,598.3523559570312,16883292129
307,2020-12-03,19205.92578125,19566.19140625,18925.78515625,19445.3984375,19445.3984375,31930317405,598.459228515625,622.4526977539062,588.3463745117188,616.708740234375,616.708740234375,16146190946
308,2020-12-04,19446.966796875,19511.404296875,18697.193359375,18699.765625,18699.765625,33872388058,616.7227783203125,618.983154296875,569.2835083007812,569.3541870117188,569.3541870117188,16337589997
309,2020-12-05,18698.384765625,19160.44921875,18590.193359375,19154.23046875,19154.23046875,27242455064,569.34765625,596.595458984375,563.1066284179688,596.595458984375,596.595458984375,13498010566
310,2020-12-06,19154.1796875,19390.5,18897.89453125,19345.12109375,19345.12109375,25293775714,596.5686645507812,606.7919311523438,584.4117431640625,601.9089965820312,601.9089965820312,11290893016
311,2020-12-07,19343.12890625,19411.828125,18931.142578125,19191.630859375,19191.630859375,26896357742,601.797119140625,602.9179077148438,585.4286499023438,591.8433837890625,591.8433837890625,10720480962
312,2020-12-08,19191.529296875,19283.478515625,18269.9453125,18321.14453125,18321.14453125,31692288756,591.9008178710938,594.7515869140625,552.46923828125,554.8277587890625,554.8277587890625,14398919320
313,2020-12-09,18320.884765625,18626.29296875,17935.546875,18553.916015625,18553.916015625,34420373071,554.7929077148439,577.2883911132812,532.9984130859375,573.4791259765625,573.4791259765625,15855915840
314,2020-12-10,18553.298828125,18553.298828125,17957.064453125,18264.9921875,18264.9921875,25547132265,573.5040283203125,574.6001586914062,549.7840576171875,559.6785278320311,559.6785278320311,11672582040
315,2020-12-11,18263.9296875,18268.453125,17619.533203125,18058.904296875,18058.904296875,27919640985,559.67919921875,560.376708984375,537.8116455078125,545.79736328125,545.79736328125,11098819124
316,2020-12-12,18051.3203125,18919.55078125,18046.041015625,18803.65625,18803.65625,21752580802,545.5785522460939,573.3394165039062,545.24560546875,568.5673217773438,568.5673217773438,8534557897
317,2020-12-13,18806.765625,19381.53515625,18734.33203125,19142.3828125,19142.3828125,25450468637,568.60986328125,593.78125,564.5659790039062,589.6632080078125,589.6632080078125,9070377862
318,2020-12-14,19144.4921875,19305.099609375,19012.708984375,19246.64453125,19246.64453125,22473997681,589.782470703125,590.4929809570312,577.118408203125,586.0111694335938,586.0111694335938,8125837102
319,2020-12-15,19246.919921875,19525.0078125,19079.841796875,19417.076171875,19417.076171875,26741982541,586.0217895507812,596.2477416992188,580.6287841796875,589.3555908203125,589.3555908203125,9326645840
320,2020-12-16,19418.818359375,21458.908203125,19298.31640625,21310.59765625,21310.59765625,44409011479,589.378662109375,636.6403198242188,582.0391235351562,636.1818237304688,636.1818237304688,15817248373
321,2020-12-17,21308.3515625,23642.66015625,21234.67578125,22805.162109375,22805.162109375,71378606374,636.1541748046875,673.834228515625,628.7493896484375,642.8689575195312,642.8689575195312,25479532147
322,2020-12-18,22806.796875,23238.6015625,22399.8125,23137.9609375,23137.9609375,40387896275,642.9169921875,662.6990966796875,632.3560791015625,654.8119506835938,654.8119506835938,15756303983
323,2020-12-19,23132.865234375,24085.85546875,22826.47265625,23869.83203125,23869.83203125,38487546580,654.6242065429688,668.7695922851562,646.6162109375,659.2979125976562,659.2979125976562,12830893778
324,2020-12-20,23861.765625,24209.66015625,23147.7109375,23477.294921875,23477.294921875,37844228422,659.18505859375,659.9237060546875,625.0144653320312,638.2908325195312,638.2908325195312,13375855442
325,2020-12-21,23474.455078125,24059.982421875,22159.3671875,22803.08203125,22803.08203125,45852713981,638.315185546875,646.8465576171875,600.8360595703125,609.81787109375,609.81787109375,14419493621
326,2020-12-22,22794.0390625,23789.90234375,22430.60546875,23783.029296875,23783.029296875,44171632681,609.4205322265625,635.0765991210938,589.552001953125,634.8541870117188,634.8541870117188,14745890080
327,2020-12-23,23781.974609375,24024.490234375,22802.646484375,23241.345703125,23241.345703125,51146161904,634.8245849609375,637.122802734375,560.3642578125,583.714599609375,583.714599609375,15261413038
328,2020-12-24,23240.203125,23768.337890625,22777.59765625,23735.94921875,23735.94921875,41080759713,584.1356201171875,613.815185546875,568.5963745117188,611.607177734375,611.607177734375,14317413703
329,2020-12-25,23733.5703125,24710.1015625,23463.673828125,24664.791015625,24664.791015625,42068395846,611.5545654296875,633.0614013671875,605.4244384765625,626.4107055664062,626.4107055664062,13520927700
330,2020-12-26,24677.015625,26718.0703125,24522.689453125,26437.037109375,26437.037109375,48332647295,626.498046875,650.721435546875,617.402099609375,635.8358154296875,635.8358154296875,14761125202
331,2020-12-27,26439.373046875,28288.83984375,25922.76953125,26272.294921875,26272.294921875,66479895605,635.8871459960938,711.3935546875,628.3349609375,682.642333984375,682.642333984375,26093552821
332,2020-12-28,26280.822265625,27389.111328125,26207.640625,27084.80859375,27084.80859375,49056742893,683.205810546875,745.8777465820312,683.205810546875,730.3973388671875,730.3973388671875,24222565862
333,2020-12-29,27081.810546875,27370.720703125,25987.298828125,27362.4375,27362.4375,45265946774,730.3587036132812,737.952880859375,692.1494140625,731.5201416015625,731.5201416015625,18710683199
334,2020-12-30,27360.08984375,28937.740234375,27360.08984375,28840.953125,28840.953125,51287442704,731.4728393554688,754.30322265625,720.9888916015625,751.6189575195312,751.6189575195312,17294574210
335,2020-12-31,28841.57421875,29244.876953125,28201.9921875,29001.720703125,29001.720703125,46754964848,751.6266479492188,754.2994384765625,726.5119018554688,737.8034057617188,737.8034057617188,13926846861
